,date,county,rooms,rooms_occupied,trailers_requested,trailers_delivered,donated_trailers_delivered,cumulative_total_population_cases,cumulative_homeless_cases,cumulative_general_public_cases,total_population_by_percentage ,homless_population_by_percentage,general_public_population_by_percentage
0,4/15/2020,San Francisco,1012,751,0,0,0,987,119,868,0.111739433,1.216271464,0.09936796
1,4/16/2020,San Francisco,1271,748,0,0,0,1013,120,893,0.114682924,1.226492232,0.102229941
2,4/17/2020,San Francisco,1271,748,0,0,0,1019,123,896,0.115362191,1.257154538,0.102573378
3,4/18/2020,San Francisco,1271,710,0,0,0,1058,123,935,0.119777427,1.257154538,0.107038068
4,4/19/2020,San Francisco,1273,725,0,0,0,1137,126,1011,0.12872111,1.287816844,0.115738488
5,4/20/2020,San Francisco,1273,718,0,0,0,1157,127,1030,0.130985333,1.298037612,0.117913593
6,4/21/2020,San Francisco,1273,737,0,0,0,1216,128,1088,0.137664793,1.308258381,0.124553388
7,4/22/2020,San Francisco,1328,729,0,0,0,1231,129,1102,0.139362961,1.31847915,0.126156097
8,4/23/2020,San Francisco,1328,809,91,59,0,1233,129,1104,0.139589383,1.31847915,0.126385055
9,4/24/2020,San Francisco,1434,864,91,91,0,1302,131,1171,0.147400954,1.338920687,0.134055163
10,4/25/2020,San Francisco,1434,873,91,91,0,1340,131,1209,0.151702979,1.338920687,0.138405373
11,4/26/2020,San Francisco,1431,874,91,91,0,1354,133,1221,0.153287936,1.359362224,0.139779124
12,4/27/2020,San Francisco,1805,880,91,91,0,1408,136,1272,0.159401339,1.39002453,0.145617564
13,4/28/2020,San Francisco,1805,887,91,91,0,1424,138,1286,0.161212718,1.410466067,0.147220273
14,4/29/2020,San Francisco,1805,890,91,91,0,1468,141,1327,0.16619401,1.441128373,0.151913921
15,4/30/2020,San Francisco,1807,906,91,91,0,1490,142,1348,0.168684656,1.451349141,0.154317984
16,5/1/2020,San Francisco,1795,895,91,91,0,1499,143,1356,0.169703557,1.46156991,0.155233818
17,5/2/2020,San Francisco,1795,904,91,91,0,1523,147,1376,0.172420625,1.502452984,0.157523402
18,5/3/2020,San Francisco,1795,906,91,91,0,1543,147,1396,0.174684848,1.502452984,0.159812987
19,5/4/2020,San Francisco,1795,965,91,91,0,1602,149,1453,0.181364308,1.522894522,0.166338302
20,5/5/2020,San Francisco,1795,973,91,91,0,1624,150,1474,0.183854954,1.53311529,0.168742366
21,5/6/2020,San Francisco,1795,981,91,91,0,1728,154,1574,0.195628916,1.573998365,0.180190287
22,5/7/2020,San Francisco,1795,999,91,91,0,1754,154,1600,0.198572407,1.573998365,0.183166747
23,5/8/2020,San Francisco,1795,984,91,91,0,1806,154,1652,0.204459388,1.573998365,0.189119666
24,5/9/2020,San Francisco,2351,987,91,91,0,1853,154,1699,0.209780314,1.573998365,0.194500189
25,5/10/2020,San Francisco,2351,984,91,91,0,1891,154,1737,0.214082338,1.573998365,0.1988504
26,5/11/2020,San Francisco,2351,974,91,91,0,1943,155,1788,0.21996932,1.584219133,0.20468884
27,5/12/2020,San Francisco,2508,978,91,91,0,1954,155,1799,0.221214643,1.584219133,0.205948111
28,5/13/2020,San Francisco,2508,990,91,91,0,1977,155,1822,0.2238185,1.584219133,0.208581133
29,5/14/2020,San Francisco,2508,995,91,91,0,1994,155,1839,0.22574309,1.584219133,0.21052728
30,5/15/2020,San Francisco,2508,988,91,91,0,1999,155,1844,0.226309146,1.584219133,0.211099676
31,5/16/2020,San Francisco,2508,978,91,91,0,2026,155,1871,0.229365848,1.584219133,0.214190615
32,5/17/2020,San Francisco,2508,995,91,91,0,2054,156,1898,0.232535761,1.594439902,0.217281554
33,5/18/2020,San Francisco,2678,982,91,91,0,2091,157,1934,0.236724574,1.60466067,0.221402805
34,5/19/2020,San Francisco,2678,988,91,91,0,2131,158,1973,0.241253021,1.614881439,0.225867495
35,5/20/2020,San Francisco,2678,999,91,91,0,2179,159,2020,0.246687158,1.625102208,0.231248018
36,5/21/2020,San Francisco,2678,1011,91,91,0,2185,159,2026,0.247366425,1.625102208,0.231934893
37,5/22/2020,San Francisco,2678,1035,91,91,0,2198,159,2039,0.24883817,1.625102208,0.233423123
38,5/23/2020,San Francisco,2678,1046,91,91,0,2320,159,2161,0.262649934,1.625102208,0.247389588
39,5/24/2020,San Francisco,2678,1047,91,91,0,2350,160,2190,0.266046269,1.635322976,0.250709485
40,5/25/2020,San Francisco,2678,1074,91,91,0,2367,160,2207,0.267970859,1.635322976,0.252655632
41,5/26/2020,San Francisco,2678,1057,91,91,0,2386,160,2226,0.270121872,1.635322976,0.254830737
42,5/27/2020,San Francisco,2678,1070,91,91,0,2399,161,2238,0.271593617,1.645543745,0.256204487
43,5/28/2020,San Francisco,2678,1081,91,91,0,2408,161,2247,0.272612518,1.645543745,0.2572348
44,5/29/2020,San Francisco,2809,1154,91,91,0,2437,163,2274,0.275895642,1.665985282,0.260325739
45,6/1/2020,San Francisco,2809,1154,91,91,0,2588,167,2421,0.29299053,1.706868357,0.277154184
46,6/2/2020,San Francisco,2253,1176,91,91,0,2570,167,2403,0.290952729,1.706868357,0.275093558
47,6/3/2020,San Francisco,2253,1200,91,91,0,2587,168,2419,0.292877319,1.717089125,0.276925226
48,6/4/2020,San Francisco,2253,1223,91,91,0,2613,170,2443,0.295820809,1.737530662,0.279672727
49,6/5/2020,San Francisco,2253,1239,91,91,0,2644,171,2473,0.299330356,1.747751431,0.283107103
50,6/8/2020,San Francisco,2253,1225,91,91,0,2747,173,2574,0.310991107,1.768192968,0.294669504
51,6/9/2020,San Francisco,2253,1239,91,91,0,2779,174,2605,0.314613865,1.778413737,0.29821836
52,6/10/2020,San Francisco,2253,1250,91,91,0,2793,174,2619,0.316198821,1.778413737,0.299821069
53,6/11/2020,San Francisco,2253,1274,91,91,0,2809,175,2634,0.3180102,1.788634505,0.301538257
54,6/12/2020,San Francisco,2253,1291,91,91,0,2840,175,2665,0.321519747,1.788634505,0.305087113
55,6/15/2020,San Francisco,2253,1295,91,91,0,2928,176,2752,0.331482331,1.798855274,0.315046805
56,6/16/2020,San Francisco,2412,1305,91,91,0,2952,176,2776,0.334199399,1.798855274,0.317794306
57,6/17/2020,San Francisco,2412,1353,91,91,0,2971,177,2794,0.336350411,1.809076043,0.319854932
58,6/18/2020,San Francisco,2412,1383,91,91,0,2982,178,2804,0.337595734,1.819296811,0.320999724
59,6/19/2020,San Francisco,2412,1450,91,91,0,3020,181,2839,0.341897759,1.849959117,0.325006497
60,6/22/2020,San Francisco,2412,1499,91,91,0,3058,187,2871,0.346199784,1.911283729,0.328669832
61,6/23/2020,San Francisco,2412,1509,91,91,0,3185,191,2994,0.360577603,1.952166803,0.342750775
62,6/24/2020,San Francisco,2412,1569,91,91,0,3219,191,3028,0.364426784,1.952166803,0.346643069
63,6/25/2020,San Francisco,2412,1587,91,91,0,3249,192,3057,0.367823119,1.962387572,0.349962966
64,6/26/2020,San Francisco,2412,1692,91,91,0,3297,192,3105,0.373257255,1.962387572,0.355457968
65,6/29/2020,San Francisco,2407,1741,91,91,0,3512,197,3315,0.397597659,2.013491415,0.379498604
66,6/30/2020,San Francisco,2407,1765,91,91,0,3561,198,3363,0.403145007,2.023712183,0.384993606
67,7/1/2020,San Francisco,2407,1765,91,91,0,3603,199,3404,0.407899876,2.033932952,0.389687254
68,7/2/2020,San Francisco,2407,1807,91,91,0,3648,200,3448,0.412994379,2.04415372,0.39472434
69,7/3/2020,San Francisco,2407,1860,91,91,0,3719,200,3519,0.421032373,2.04415372,0.402852364
70,7/6/2020,San Francisco,2407,1860,91,91,0,3776,205,3571,0.42748541,2.095257563,0.408805283
71,7/7/2020,San Francisco,2407,1860,91,91,0,3992,206,3786,0.451939024,2.105478332,0.433418315
72,7/8/2020,San Francisco,2407,1876,91,91,0,4020,208,3812,0.455108937,2.125919869,0.436394775
73,7/9/2020,San Francisco,2407,1873,91,91,0,4071,211,3860,0.460882708,2.156582175,0.441889777
74,7/10/2020,San Francisco,2407,1888,91,91,0,4145,211,3934,0.469260335,2.156582175,0.450361239
75,7/13/2020,San Francisco,2407,1888,91,91,0,4522,215,4307,0.511940949,2.197465249,0.493061987
76,7/14/2020,San Francisco,2407,1885,91,91,0,4590,219,4371,0.519639309,2.238348324,0.500388657
77,7/15/2020,San Francisco,2407,1877,91,91,0,4640,221,4419,0.525299868,2.258789861,0.505883659
78,7/16/2020,San Francisco,2407,1883,91,91,0,4696,223,4473,0.531639694,2.279231398,0.512065537
79,7/17/2020,San Francisco,2407,1895,91,91,0,4860,226,4634,0.550206327,2.309893704,0.530496691
80,7/20/2020,San Francisco,2407,1916,91,91,0,5202,233,4969,0.58892455,2.381439084,0.568847229
81,7/21/2020,San Francisco,2407,1901,91,91,0,5305,235,5070,0.600585302,2.401880621,0.58040963
82,7/22/2020,San Francisco,2468,1889,91,91,0,5363,238,5125,0.60715155,2.432542927,0.586705986
83,7/23/2020,San Francisco,2468,1881,91,91,0,5459,241,5218,0.618019823,2.463205233,0.597352554
84,7/24/2020,San Francisco,2468,1888,91,91,0,5564,241,5323,0.629906997,2.463205233,0.609372871
85,7/27/2020,San Francisco,2468,1900,91,91,0,5932,244,5688,0.671568711,2.493867539,0.651157786
86,7/28/2020,San Francisco,2614,1901,91,91,0,6022,246,5776,0.681757717,2.514309076,0.661231957
87,7/29/2020,San Francisco,2614,1899,91,91,0,6065,246,5819,0.686625797,2.514309076,0.666154563
88,7/30/2020,San Francisco,2614,1895,91,91,0,6197,246,5951,0.701569673,2.514309076,0.68126582
89,7/31/2020,San Francisco,2614,1895,91,91,0,6423,246,6177,0.727155399,2.514309076,0.707138123
