county,date,cumulative_population_cases,rooms,rooms_occupied,trailers_requested,trailers_delivered,donated_trailers_delivered,cumulative_homeless_cases,total_homless_population_by_percentage ,total_population_by_percentage 
San Francisco,4/15/2020,987,1012,751,0,0,0,119,1.216271464,0.111739433
San Francisco,4/16/2020,1013,1271,748,0,0,0,120,1.226492232,0.114682924
San Francisco,4/17/2020,1019,1271,748,0,0,0,123,1.257154538,0.115362191
San Francisco,4/18/2020,1058,1271,710,0,0,0,123,1.257154538,0.119777427
San Francisco,4/19/2020,1137,1273,725,0,0,0,126,1.287816844,0.12872111
San Francisco,4/20/2020,1157,1273,718,0,0,0,127,1.298037612,0.130985333
San Francisco,4/21/2020,1216,1273,737,0,0,0,128,1.308258381,0.137664793
San Francisco,4/22/2020,1231,1328,729,0,0,0,129,1.31847915,0.139362961
San Francisco,4/23/2020,1233,1328,809,91,59,0,129,1.31847915,0.139589383
San Francisco,4/24/2020,1302,1434,864,91,91,0,131,1.338920687,0.147400954
San Francisco,4/25/2020,1340,1434,873,91,91,0,131,1.338920687,0.151702979
San Francisco,4/26/2020,1354,1431,874,91,91,0,133,1.359362224,0.153287936
San Francisco,4/27/2020,1408,1805,880,91,91,0,136,1.39002453,0.159401339
San Francisco,4/28/2020,1424,1805,887,91,91,0,138,1.410466067,0.161212718
San Francisco,4/29/2020,1468,1805,890,91,91,0,141,1.441128373,0.16619401
San Francisco,4/30/2020,1490,1807,906,91,91,0,142,1.451349141,0.168684656
San Francisco,5/1/2020,1499,1795,895,91,91,0,143,1.46156991,0.169703557
San Francisco,5/2/2020,1523,1795,904,91,91,0,147,1.502452984,0.172420625
San Francisco,5/3/2020,1543,1795,906,91,91,0,147,1.502452984,0.174684848
San Francisco,5/4/2020,1602,1795,965,91,91,0,149,1.522894522,0.181364308
San Francisco,5/5/2020,1624,1795,973,91,91,0,150,1.53311529,0.183854954
San Francisco,5/6/2020,1728,1795,981,91,91,0,154,1.573998365,0.195628916
San Francisco,5/7/2020,1754,1795,999,91,91,0,154,1.573998365,0.198572407
San Francisco,5/8/2020,1806,1795,984,91,91,0,154,1.573998365,0.204459388
San Francisco,5/9/2020,1853,2351,987,91,91,0,154,1.573998365,0.209780314
San Francisco,5/10/2020,1891,2351,984,91,91,0,154,1.573998365,0.214082338
San Francisco,5/11/2020,1943,2351,974,91,91,0,155,1.584219133,0.21996932
San Francisco,5/12/2020,1954,2508,978,91,91,0,155,1.584219133,0.221214643
San Francisco,5/13/2020,1977,2508,990,91,91,0,155,1.584219133,0.2238185
San Francisco,5/14/2020,1994,2508,995,91,91,0,155,1.584219133,0.22574309
San Francisco,5/15/2020,1999,2508,988,91,91,0,155,1.584219133,0.226309146
San Francisco,5/16/2020,2026,2508,978,91,91,0,155,1.584219133,0.229365848
San Francisco,5/17/2020,2054,2508,995,91,91,0,156,1.594439902,0.232535761
San Francisco,5/18/2020,2091,2678,982,91,91,0,157,1.60466067,0.236724574
San Francisco,5/19/2020,2131,2678,988,91,91,0,158,1.614881439,0.241253021
San Francisco,5/20/2020,2179,2678,999,91,91,0,159,1.625102208,0.246687158
San Francisco,5/21/2020,2185,2678,1011,91,91,0,159,1.625102208,0.247366425
San Francisco,5/22/2020,2198,2678,1035,91,91,0,159,1.625102208,0.24883817
San Francisco,5/23/2020,2320,2678,1046,91,91,0,159,1.625102208,0.262649934
San Francisco,5/24/2020,2350,2678,1047,91,91,0,160,1.635322976,0.266046269
San Francisco,5/25/2020,2367,2678,1074,91,91,0,160,1.635322976,0.267970859
San Francisco,5/26/2020,2386,2678,1057,91,91,0,160,1.635322976,0.270121872
San Francisco,5/27/2020,2399,2678,1070,91,91,0,161,1.645543745,0.271593617
San Francisco,5/28/2020,2408,2678,1081,91,91,0,161,1.645543745,0.272612518
San Francisco,5/29/2020,2437,2809,1154,91,91,0,163,1.665985282,0.275895642
San Francisco,6/1/2020,2588,2809,1154,91,91,0,167,1.706868357,0.29299053
San Francisco,6/2/2020,2570,2253,1176,91,91,0,167,1.706868357,0.290952729
San Francisco,6/3/2020,2587,2253,1200,91,91,0,168,1.717089125,0.292877319
San Francisco,6/4/2020,2613,2253,1223,91,91,0,170,1.737530662,0.295820809
San Francisco,6/5/2020,2644,2253,1239,91,91,0,171,1.747751431,0.299330356
San Francisco,6/8/2020,2747,2253,1225,91,91,0,173,1.768192968,0.310991107
San Francisco,6/9/2020,2779,2253,1239,91,91,0,174,1.778413737,0.314613865
San Francisco,6/10/2020,2793,2253,1250,91,91,0,174,1.778413737,0.316198821
San Francisco,6/11/2020,2809,2253,1274,91,91,0,175,1.788634505,0.3180102
San Francisco,6/12/2020,2840,2253,1291,91,91,0,175,1.788634505,0.321519747
San Francisco,6/15/2020,2928,2253,1295,91,91,0,176,1.798855274,0.331482331
San Francisco,6/16/2020,2952,2412,1305,91,91,0,176,1.798855274,0.334199399
San Francisco,6/17/2020,2971,2412,1353,91,91,0,177,1.809076043,0.336350411
San Francisco,6/18/2020,2982,2412,1383,91,91,0,178,1.819296811,0.337595734
San Francisco,6/19/2020,3020,2412,1450,91,91,0,181,1.849959117,0.341897759
San Francisco,6/22/2020,3058,2412,1499,91,91,0,187,1.911283729,0.346199784
San Francisco,6/23/2020,3185,2412,1509,91,91,0,191,1.952166803,0.360577603
San Francisco,6/24/2020,3219,2412,1569,91,91,0,191,1.952166803,0.364426784
San Francisco,6/25/2020,3249,2412,1587,91,91,0,192,1.962387572,0.367823119
San Francisco,6/26/2020,3297,2412,1692,91,91,0,192,1.962387572,0.373257255
San Francisco,6/29/2020,3512,2407,1741,91,91,0,197,2.013491415,0.397597659
San Francisco,6/30/2020,3561,2407,1765,91,91,0,198,2.023712183,0.403145007
San Francisco,7/1/2020,3603,2407,1765,91,91,0,199,2.033932952,0.407899876
San Francisco,7/2/2020,3648,2407,1807,91,91,0,200,2.04415372,0.412994379
San Francisco,7/3/2020,3719,2407,1860,91,91,0,200,2.04415372,0.421032373
San Francisco,7/6/2020,3776,2407,1860,91,91,0,205,2.095257563,0.42748541
San Francisco,7/7/2020,3992,2407,1860,91,91,0,206,2.105478332,0.451939024
San Francisco,7/8/2020,4020,2407,1876,91,91,0,208,2.125919869,0.455108937
San Francisco,7/9/2020,4071,2407,1873,91,91,0,211,2.156582175,0.460882708
San Francisco,7/10/2020,4145,2407,1888,91,91,0,211,2.156582175,0.469260335
San Francisco,7/13/2020,4522,2407,1888,91,91,0,215,2.197465249,0.511940949
San Francisco,7/14/2020,4590,2407,1885,91,91,0,219,2.238348324,0.519639309
San Francisco,7/15/2020,4640,2407,1877,91,91,0,221,2.258789861,0.525299868
San Francisco,7/16/2020,4696,2407,1883,91,91,0,223,2.279231398,0.531639694
San Francisco,7/17/2020,4860,2407,1895,91,91,0,226,2.309893704,0.550206327
San Francisco,7/20/2020,5202,2407,1916,91,91,0,233,2.381439084,0.58892455
San Francisco,7/21/2020,5305,2407,1901,91,91,0,235,2.401880621,0.600585302
San Francisco,7/22/2020,5363,2468,1889,91,91,0,238,2.432542927,0.60715155
San Francisco,7/23/2020,5459,2468,1881,91,91,0,241,2.463205233,0.618019823
San Francisco,7/24/2020,5564,2468,1888,91,91,0,241,2.463205233,0.629906997
San Francisco,7/27/2020,5932,2468,1900,91,91,0,244,2.493867539,0.671568711
San Francisco,7/28/2020,6022,2614,1901,91,91,0,246,2.514309076,0.681757717
San Francisco,7/29/2020,6065,2614,1899,91,91,0,246,2.514309076,0.686625797
San Francisco,7/30/2020,6197,2614,1895,91,91,0,246,2.514309076,0.701569673
San Francisco,7/31/2020,6423,2614,1895,91,91,0,246,2.514309076,0.727155399
